scene_id,room_id,top_left_x,top_left_y,top_left_z,top_left_angle,bottom_right_x,bottom_right_y,bottom_right_z,bottom_right_angle,top_right_x,top_right_y,top_right_z,top_right_angle,bottom_left_x,bottom_left_y,bottom_left_z,bottom_left_angle
yqstnuAEVhm,R22,0.8009994429999999,3.60845,1.773652507,1.595799024,3.850403296913669,3.60845,-1.710394085521191,1.5957990239999973,0.748950927,3.60845,-1.504441014,1.595799024,4.051343435947534,3.60845,1.5282037322114863,1.4701353178564054
yqstnuAEVhm,R24,7.899970740036997,3.60845,-1.7137821410869294,-0.16349286200000002,11.338235049199808,3.60845,1.0091202478953982,-0.037829155856408114,11.216131933385613,3.60845,-1.9017766448820248,-0.037829155856408114,7.924204785674274,3.60845,1.2546719495269754,-0.037829155856408114
yqstnuAEVhm,R19,0.6207579400729242,3.60845,3.615077079565255,-0.03782915599999992,3.791576837642786,3.60845,6.346896830970116,-0.03782915599999992,3.9979591260743206,3.60845,3.610772118018051,-0.16349286214359182,0.8277000062091826,3.60845,6.668924890919716,0.08783455014359154
