scene_id,room_id,start_position_0,start_position_1,start_position_2,start_angle,end_position_0,end_position_1,end_position_2,end_angle
yqstnuAEVhm,R24,7.887364309119286,3.60845,-1.1551420825347571,-0.16349286168434496,11.298806191485431,3.60845,1.0786812031147437,-0.037829155540753064
yqstnuAEVhm,R19,0.9399304260882736,3.60845,4.077615869554369,-0.037829155540753945,4.153132420293809,3.60845,5.9797392227414905,-0.037829155540753945
yqstnuAEVhm,R22,1.0757179312370548,3.60845,1.7411234106000562,1.5957990243259403,3.0930566187652295,3.60845,-1.514525144396014,1.5957990243259403
